,1.agecat,2.agecat,3b.agecat,1.don_gender,2b.don_gender,1.don_race,2.don_race,3b.don_race
1.agecat,0.151042227,0.112033553,0,-0.007211498,0,-0.018909721,0,0
2.agecat,0.112033553,0.194802778,0,-8.21001E-05,0,-0.007397859,0,0
3b.agecat,0,0,0,0,0,0,0,0
1.don_gender,-0.007211498,-8.21001E-05,0,0.094354606,0,-0.000123559,0,0
2b.don_gender,0,0,0,0,0,0,0,0
1.don_race,-0.018909721,-0.007397859,0,-0.000123559,0,0.152779821,0,0
2.don_race,0,0,0,0,0,0,0,0
3b.don_race,0,0,0,0,0,0,0,0
# flick 20250409213600-XeaJ
# flick 20250409214207-7JyO
# flick 20250409214623-2vhr
# flick 20250409220131-yYiQ
# flick 20250409230556-8ns3
# flick 20250409231148-jDSC
# flick 20250410002735-XmYs
# flick 20250410004049-NcVP
# flick 20250410005847-obiB
# flick 20250410013800-JLbd
# flick 20250410031042-TddW
# flick 20250410032005-CmvS
# flick 20250410133819-T455
# flick 20250410144933-cNkz
# flick 20250410154740-wOOj
# flick 20250410161626-W3kS
# flick 20250410162339-mFzr
# flick 20250410163053-Pqf0
# flick 20250410202643-EZRz
# flick 20250410205733-rq4o
# flick 20250410225839-3j7a
# flick 20250410232149-TSD2
# flick 20250413132128-RKD9
# flick 20250413172301-BsZv
# flick 20250414003213-6YBJ
# flick 20250414012930-Y2ew
# flick 20250414182650-xwyE
# flick 20250415193728-iOxQ
# flick 20250415200842-EpGD
# flick 20250415210428-SAGI
# flick 20250415223232-WPhV
# flick 20250415230811-sOEE
# flick 20250416014325-SEq8
# flick 20250416150450-7cxt
# flick 20250416160548-nmS9
# flick 20250416161511-uLEH
# flick 20250416163657-Aqh0
# flick 20250416165917-lyb8
# flick 20250416171212-ZDUG
# flick 20250416191010-LDLS
# flick 20250416214703-BuyK
# flick 20250416215311-kQOs
# flick 20250416221052-p8Kd
# flick 20250416225812-DpI7
# flick 20250416230555-wYJg
# flick 20250416234857-kSLn
# flick 20250417002612-bLhB
# flick 20250417033850-0gfA
# flick 20250417034410-T673
# flick 20250417034853-4bPL
# flick 20250417181706-Ys3s
# flick 20250417183511-hecm
# flick 20250417185031-EJGO
# flick 20250417190346-3kKF
# flick 20250417210325-xuD8
# flick 20250417212533-o0Wl
