,don_age,1.don_gender,2b.don_gender,1.don_race,2.don_race,3b.don_race
don_age,0.000171689,0.000333131,0,0.000755353,0,0
1.don_gender,0.000333131,0.094408642,0,0.000109265,0,0
2b.don_gender,0,0,0,0,0,0
1.don_race,0.000755353,0.000109265,0,0.153342826,0,0
2.don_race,0,0,0,0,0,0
3b.don_race,0,0,0,0,0,0
# flick 20250409213600-BdeN
# flick 20250409214207-0djh
# flick 20250409214623-PSHO
# flick 20250409230554-EBJ6
# flick 20250409231151-MNo8
# flick 20250410004926-tBT3
# flick 20250410010459-o3ac
# flick 20250410023658-zK2a
# flick 20250410030140-z87J
# flick 20250410031441-pmrE
# flick 20250410032114-j7Rq
# flick 20250410133822-KG4A
# flick 20250410134051-nzRH
# flick 20250410141345-3be9
# flick 20250410144303-o8EP
# flick 20250410151214-q2r6
# flick 20250410152850-fRZH
# flick 20250410153123-u0UW
# flick 20250410153410-vPMm
# flick 20250410154741-pNF9
# flick 20250410204359-8fgC
# flick 20250410225839-6VCA
# flick 20250413165543-Dk29
# flick 20250413171244-CG0w
# flick 20250413214015-9eHL
# flick 20250414004211-6Ef3
# flick 20250414012932-EKL6
# flick 20250415192650-egEc
# flick 20250415193036-EZRC
# flick 20250415210429-5omr
# flick 20250416025010-ayPH
# flick 20250416041428-mXYn
# flick 20250416151911-eRqZ
# flick 20250416152309-FhDX
# flick 20250416155840-w4wo
# flick 20250416160321-n4tX
# flick 20250416161512-jbpZ
# flick 20250416211331-lcBz
# flick 20250416215309-rQwF
# flick 20250416224615-mNCT
# flick 20250416230555-YfnH
# flick 20250416232104-wKYl
# flick 20250417033847-2mJ8
# flick 20250417034854-QBH5
# flick 20250417183512-EDlt
# flick 20250417190343-ufYH
# flick 20250417192643-MwLe
# flick 20250422032347-MNL7
